{"abbott": {"meanDeg": 3.2007819202047614, "std": 0.3896568577685723, "degrees": {"26": 0.35014836795252224, "0": 142.7893175074184, "9": 3.0178041543026706, "4": 8.489614243323443, "11": 2.14540059347181, "7": 3.9762611275964392, "40": 0.17210682492581603, "13": 1.6409495548961424, "3": 6.311572700296736, "5": 7.258160237388724, "6": 5.109792284866469, "10": 2.7566765578635013, "8": 3.5311572700296736, "18": 0.7655786350148368, "2": 4.400593471810089, "30": 0.27002967359050445, "12": 2.0445103857566767, "1": 3.112759643916914, "37": 0.26112759643916916, "22": 0.5044510385756676, "16": 1.0623145400593472, "14": 1.3026706231454006, "17": 0.8516320474777448, "44": 0.12462908011869436, "31": 0.2344213649851632, "15": 1.3353115727002967, "41": 0.18694362017804153, "54": 0.04154302670623145, "21": 0.5400593471810089, "20": 0.6112759643916914, "39": 0.18694362017804153, "24": 0.3768545994065282, "19": 0.7685459940652819, "43": 0.16913946587537093, "36": 0.28486646884273, "32": 0.314540059347181, "27": 0.3086053412462908, "59": 0.017804154302670624, "50": 0.0830860534124629, "25": 0.3798219584569733, "23": 0.3560830860534125, "34": 0.228486646884273, "42": 0.142433234421365, "58": 0.005934718100890208, "38": 0.22551928783382788, "47": 0.08902077151335312, "45": 0.18694362017804153, "33": 0.26409495548961426, "28": 0.27002967359050445, "49": 0.11572700296735905, "35": 0.2403560830860534, "29": 0.3026706231454006, "56": 0.03857566765578635, "52": 0.04451038575667656, "46": 0.13056379821958458, "57": 0.032640949554896145, "55": 0.03857566765578635, "48": 0.08605341246290801, "53": 0.03857566765578635, "51": 0.05934718100890208, "61": 0.008902077151335312, "62": 0.002967359050445104, "65": 0.002967359050445104}, "eigenvalues": 