{"best_acc":{"abbott":0.9573529412,"stevenson":0.904494382,"alcott":0.9473684211,"alger":0.92,"allen":0.8723404255,"austen":0.9701298701,"bronte":0.9284671533,"cooper":0.9486263736,"dickens":0.8930481283,"garland":0.902,"hawthorne":0.9024691358,"james":0.94375,"melville":0.8848780488,"page":0.9016666667,"thoreau":0.9604651163,"twain":0.9130252101,"doyle":0.934939759,"irving":0.9180327869,"poe":0.9386904762,"jewett":0.9417808219,"wharton":0.9594594595},"best_acc_2layer":{"abbott":0.9522058824,"stevenson":0.9033707865,"alcott":0.9438596491,"alger":0.9107692308,"allen":0.8696808511,"austen":0.9681818182,"bronte":0.9233576642,"cooper":0.9472527473,"dickens":0.8855614973,"garland":0.8936,"hawthorne":0.8975308642,"james":0.9409090909,"melville":0.8814634146,"page":0.8883333333,"thoreau":0.9534883721,"twain":0.9159663866,"doyle":0.9295180723,"irving":0.9131147541,"poe":0.930952381,"jewett":0.9397260274,"wharton":0.9518018018},"best_acc_ff":{"abbott":0.9634328358,"stevenson":0.9061111111,"alcott":0.9552631579,"alger":0.9189393939,"allen":0.8790322581,"austen":0.9707792208,"bronte":0.9121323529,"cooper":0.9527624309,"dickens":0.8855614973,"garland":0.8964,"hawthorne":0.8981481481,"james":0.9482954545,"melville":0.8823529412,"page":0.9033333333,"thoreau":0.9583333333,"twain":0.9113445378,"doyle":0.9451807229,"irving":0.9154471545,"poe":0.9335294118,"jewett":0.9445205479,"wharton":0.9563063063},"best_acc_svm":{"abbott":0.9425373134,"stevenson":0.8916666667,"alcott":0.9421052632,"alger":0.9174242424,"allen":0.8720430108,"austen":0.9672077922,"bronte":0.9330882353,"cooper":0.9502762431,"dickens":0.8855614973,"garland":0.892,"hawthorne":0.9018518519,"james":0.9460227273,"melville":0.8941176471,"page":0.8816666667,"thoreau":0.95,"twain":0.9176470588,"doyle":0.9506024096,"irving":0.9203252033,"poe":0.9341176471,"jewett":0.9424657534,"wharton":0.945045045},"best_acc_knn":{"abbott":0.8641791045,"stevenson":0.67,"alcott":0.7184210526,"alger":0.6803030303,"allen":0.75,"austen":0.9136363636,"bronte":0.7235294118,"cooper":0.8182320442,"dickens":0.7569518717,"garland":0.6676,"hawthorne":0.8111111111,"james":0.7880681818,"melville":0.7852941176,"page":0.7366666667,"thoreau":0.880952381,"twain":0.8613445378,"doyle":0.7753012048,"irving":0.8276422764,"poe":0.8764705882,"jewett":0.7602739726,"wharton":0.713963964},"best_comb":{"abbott":"([1, 64], [4])","stevenson":"([1, 16], [1])","alcott":"([1, 64], [2])","alger":"([1, 64], [4])","allen":"([1, 64], [5])","austen":"([1, 4], [6])","bronte":"([1, 16], [1])","cooper":"([1, 32], [6])","dickens":"([1, 16], [7])","garland":"([1, 32], [6])","hawthorne":"([1, 64], [8])","james":"([1, 64], [6])","melville":"([1, 32], [2])","page":"([1, 16], [3])","thoreau":"([1, 16], [7])","twain":"([1, 32], [1])","doyle":"([1, 64], [2])","irving":"([1, 64], [8])","poe":"([1, 64], [3])","jewett":"([1, 64], [10])","wharton":"([1, 64], [5])"},"best_combination_2layer":{"abbott":"(32, 6)","stevenson":"(64, 4)","alcott":"(32, 2)","alger":"(32, 2)","allen":"(32, 9)","austen":"(64, 1)","bronte":"(64, 2)","cooper":"(16, 2)","dickens":"(32, 3)","garland":"(64, 1)","hawthorne":"(64, 3)","james":"(16, 6)","melville":"(16, 1)","page":"(64, 2)","thoreau":"(32, 1)","twain":"(16, 1)","doyle":"(16, 8)","irving":"(16, 7)","poe":"(32, 1)","jewett":"(32, 1)","wharton":"(32, 4)"},"best_comb_ff":{"abbott":"(0.01, 32)","stevenson":"(0.001, 64)","alcott":"(0.001, 32)","alger":"(0.001, 64)","allen":"(0.001, 64)","austen":"(0.001, 8)","bronte":"(0.001, 32)","cooper":"(0.001, 32)","dickens":"(0.001, 8)","garland":"(0.001, 32)","hawthorne":"(0.001, 32)","james":"(0.001, 32)","melville":"(0.0001, 8)","page":"(0.001, 32)","thoreau":"(0.001, 8)","twain":"(0.001, 32)","doyle":"(0.001, 32)","irving":"(0.001, 32)","poe":"(0.001, 64)","jewett":"(0.001, 8)","wharton":"(0.001, 32)"},"std":{"abbott":0.0146321682,"stevenson":0.0154876952,"alcott":0.0225354958,"alger":0.0212619615,"allen":0.0184260724,"austen":0.0099331549,"bronte":0.014525364,"cooper":0.0085164835,"dickens":0.0105606512,"garland":0.0113490088,"hawthorne":0.0251197407,"james":0.0157561643,"melville":0.0132607583,"page":0.0311359028,"thoreau":0.0202739486,"twain":0.0219173132,"doyle":0.0156626506,"irving":0.0170956177,"poe":0.0192050783,"jewett":0.016566283,"wharton":0.0110337376}}